name,id,email,date
Ian Lloyd,1,nataliebaker@example.org,2011-01-18
Timothy Williams,-,corey28@example.net,
Lisa Guerra,,hporter@example.com,1996-12-07
?,4,udominguez@example.com,
Megan Daniel,5,,2013-06-21
Vincent Holmes,6,krobinson@example.org,2021-01-30
Deanna Young,7,alexandriamontgomery@example.com,1981-11-03
Tonya Patterson,8,vsilva@example.org,2000-08-04
Shelly Williams,9,gilbertnatalie@example.com,1970-10-12
David Allen,10,hughesdouglas@example.net,2019-02-21
Mrs. Carla Graham MD,11,thomasjoseph@example.com,1983-12-06
Judith Smith,12,natashasmith@example.net,2014-10-06
Michelle Smith,13,leethomas@example.net,2015-12-08
Mary Brown,14,richardbarnes@example.net,1982-12-03
Dennis Frank,15,williamsadrian@example.org,2021-03-10
Alexander Fry,16,reneehenderson@example.net,2019-05-09
